{
  "protocol_name": "Comparison of Value by Group",
  "dataset_id": "c27ff77b-90ac-4e25-8dfe-3a8465b64739",
  "results": {
    "desc_stats": {
      "type": "table_1",
      "data": {
        "A": {
          "count": 30,
          "missing": 0,
          "mean": 10.323831558227539,
          "median": 10.235969543457031,
          "mode": 6.482521057128906,
          "std": 2.0553767681121826,
          "se": 0.37525874002236914,
          "variance": 4.224573612213135,
          "min": 6.482521057128906,
          "max": 14.121496200561523,
          "range": 7.638975143432617,
          "q1": 8.875904321670532,
          "q3": 11.813163995742798,
          "iqr": 2.9372596740722656,
          "skewness": -0.16121168434619904,
          "kurtosis": -0.7319865226745605,
          "shapiro_w": 0.9776231616362474,
          "shapiro_p": 0.7594546000803886,
          "ci_95_low": 9.588324427783695,
          "ci_95_high": 11.059338688671383
        },
        "B": {
          "count": 30,
          "missing": 0,
          "mean": 11.2599458694458,
          "median": 11.216726303100586,
          "mode": 7.865115642547607,
          "std": 1.9163085222244263,
          "se": 0.3498684682539027,
          "variance": 3.672238349914551,
          "min": 7.865115642547607,
          "max": 15.257230758666992,
          "range": 7.392115116119385,
          "q1": 9.893558263778687,
          "q3": 12.586944580078125,
          "iqr": 2.6933863162994385,
          "skewness": 0.21069924533367157,
          "kurtosis": -0.427137553691864,
          "shapiro_w": 0.9789267215394432,
          "shapiro_p": 0.7963500817368756,
          "ci_95_low": 10.574203671668151,
          "ci_95_high": 11.94568806722345
        },
        "overall": {
          "count": 60,
          "missing": 0,
          "mean": 10.791888236999512,
          "median": 10.916092872619629,
          "mode": 6.482521057128906,
          "std": 2.0259010791778564,
          "se": 0.26154270469064905,
          "variance": 4.104274749755859,
          "min": 6.482521057128906,
          "max": 15.257230758666992,
          "range": 8.774709701538086,
          "q1": 9.57870101928711,
          "q3": 12.12468409538269,
          "iqr": 2.545983076095581,
          "skewness": -0.04269648715853691,
          "kurtosis": -0.4060145914554596,
          "shapiro_w": 0.9900817791778871,
          "shapiro_p": 0.908512627753659,
          "ci_95_low": 10.27926453580584,
          "ci_95_high": 11.304511938193183
        }
      }
    },
    "hypothesis_test": {
      "method": null,
      "p_value": 0.07321582696317575,
      "significant": false,
      "stats": -1.8245829182198539,
      "effect_size": 0.47110530734062195,
      "groups": [
        "A",
        "B"
      ],
      "plot_stats": {
        "A": {
          "mean": 10.323831558227539,
          "sd": 2.0553767681121826,
          "sem": 0.37525874002236914,
          "ci_lower": 9.588324427783695,
          "ci_upper": 11.059338688671383,
          "median": 10.235969543457031,
          "q1": 8.875904321670532,
          "q3": 11.813163995742798,
          "min": 6.482521057128906,
          "max": 14.121496200561523,
          "count": 30
        },
        "B": {
          "mean": 11.2599458694458,
          "sd": 1.9163085222244263,
          "sem": 0.3498684682539027,
          "ci_lower": 10.574203671668151,
          "ci_upper": 11.94568806722345,
          "median": 11.216726303100586,
          "q1": 9.893558263778687,
          "q3": 12.586944580078125,
          "min": 7.865115642547607,
          "max": 15.257230758666992,
          "count": 30
        }
      },
      "plot_data": [
        {
          "group": "A",
          "value": 6.811144828796387
        },
        {
          "group": "A",
          "value": 8.801249504089355
        },
        {
          "group": "A",
          "value": 10.01048755645752
        },
        {
          "group": "A",
          "value": 10.093960762023926
        },
        {
          "group": "A",
          "value": 9.099868774414062
        },
        {
          "group": "A",
          "value": 11.245699882507324
        },
        {
          "group": "A",
          "value": 7.8647589683532715
        },
        {
          "group": "A",
          "value": 9.715241432189941
        },
        {
          "group": "A",
          "value": 10.240591049194336
        },
        {
          "group": "A",
          "value": 11.028877258300781
        },
        {
          "group": "A",
          "value": 11.423230171203613
        },
        {
          "group": "A",
          "value": 7.750715732574463
        },
        {
          "group": "A",
          "value": 6.931771755218506
        },
        {
          "group": "A",
          "value": 12.555354118347168
        },
        {
          "group": "A",
          "value": 10.664628028869629
        },
        {
          "group": "A",
          "value": 8.503026962280273
        },
        {
          "group": "A",
          "value": 13.102303504943848
        },
        {
          "group": "A",
          "value": 10.231348991394043
        },
        {
          "group": "A",
          "value": 12.358593940734863
        },
        {
          "group": "A",
          "value": 10.135037422180176
        },
        {
          "group": "A",
          "value": 14.121496200561523
        },
        {
          "group": "A",
          "value": 13.510682106018066
        },
        {
          "group": "A",
          "value": 9.502071380615234
        },
        {
          "group": "A",
          "value": 11.94314193725586
        },
        {
          "group": "A",
          "value": 11.290751457214355
        },
        {
          "group": "A",
          "value": 12.737262725830078
        },
        {
          "group": "A",
          "value": 8.07015323638916
        },
        {
          "group": "A",
          "value": 11.372102737426758
        },
        {
          "group": "A",
          "value": 12.116848945617676
        },
        {
          "group": "A",
          "value": 6.482521057128906
        },
        {
          "group": "B",
          "value": 9.633482933044434
        },
        {
          "group": "B",
          "value": 7.921535491943359
        },
        {
          "group": "B",
          "value": 11.461186408996582
        },
        {
          "group": "B",
          "value": 13.435084342956543
        },
        {
          "group": "B",
          "value": 15.004714012145996
        },
        {
          "group": "B",
          "value": 12.148189544677734
        },
        {
          "group": "B",
          "value": 15.257230758666992
        },
        {
          "group": "B",
          "value": 9.23979663848877
        },
        {
          "group": "B",
          "value": 8.59323501586914
        },
        {
          "group": "B",
          "value": 11.888904571533203
        },
        {
          "group": "B",
          "value": 12.768131256103516
        },
        {
          "group": "B",
          "value": 11.934610366821289
        },
        {
          "group": "B",
          "value": 7.865115642547607
        },
        {
          "group": "B",
          "value": 11.821760177612305
        },
        {
          "group": "B",
          "value": 9.391060829162598
        },
        {
          "group": "B",
          "value": 13.33934497833252
        },
        {
          "group": "B",
          "value": 12.733196258544922
        },
        {
          "group": "B",
          "value": 10.120240211486816
        },
        {
          "group": "B",
          "value": 10.97226619720459
        },
        {
          "group": "B",
          "value": 9.881572723388672
        },
        {
          "group": "B",
          "value": 11.874641418457031
        },
        {
          "group": "B",