{
  "protocol_name": "Comparison of Value by Group",
  "dataset_id": "01bcd34f-fe12-4898-8e94-0dc56f7e23a8",
  "results": {
    "desc_stats": {
      "type": "table_1",
      "data": {
        "A": {
          "count": 30,
          "mean": 10.323830792590591,
          "median": 10.235970266004758,
          "std": 2.0553767924021273,
          "min": 6.482521027153771,
          "max": 14.121495849763974,
          "q1": 8.87590472982972,
          "q3": 11.813163865475978,
          "ci_lower": 9.588323653454703,
          "ci_upper": 11.05933793172648
        },
        "B": {
          "count": 30,
          "mean": 11.259945566944877,
          "median": 11.216726248218748,
          "std": 1.916308485813407,
          "min": 7.865115799920247,
          "max": 15.257231091142584,
          "q1": 9.893558555956885,
          "q3": 12.58694475935516,
          "ci_lower": 10.574203382196744,
          "ci_upper": 11.94568775169301
        },
        "overall": {
          "mean": 10.791888179767735,
          "count": 60
        }
      }
    },
    "hypothesis_test": {
      "method": null,
      "p_value": 0.07321568309227257,
      "significant": "False",
      "stats": -1.8245838578227829,
      "effect_size": -0.4711055263404347,
      "groups": [
        "A",
        "B"
      ],
      "plot_stats": {
        "A": {
          "mean": 10.323830792590591,
          "sd": 2.0553767924021273,
          "sem": 0.375258744457086,
          "ci_lower": 9.588323653454703,
          "ci_upper": 11.05933793172648,
          "median": 10.235970266004758,
          "q1": 8.87590472982972,
          "q3": 11.813163865475978,
          "min": 6.482521027153771,
          "max": 14.121495849763974,
          "count": 30
        },
        "B": {
          "mean": 11.259945566944877,
          "sd": 1.916308485813407,
          "sem": 0.3498684616061905,
          "ci_lower": 10.574203382196744,
          "ci_upper": 11.94568775169301,
          "median": 11.216726248218748,
          "q1": 9.893558555956885,
          "q3": 12.58694475935516,
          "min": 7.865115799920247,
          "max": 15.257231091142584,
          "count": 30
        }
      },
      "plot_data": [
        {
          "group": "A",
          "value": 6.811144682411266
        },
        {
          "group": "A",
          "value": 8.801249954092455
        },
        {
          "group": "A",
          "value": 10.010487399436366
        },
        {
          "group": "A",
          "value": 10.093961187529484
        },
        {
          "group": "A",
          "value": 9.099869057041513
        },
        {
          "group": "A",
          "value": 11.245699864694998
        },
        {
          "group": "A",
          "value": 7.864759141234812
        },
        {
          "group": "A",
          "value": 9.715241029957411
        },
        {
          "group": "A",
          "value": 10.2405912634238
        },
        {
          "group": "A",
          "value": 11.0288776681175
        },
        {
          "group": "A",
          "value": 11.42322975617778
        },
        {
          "group": "A",
          "value": 7.750715816324262
        },
        {
          "group": "A",
          "value": 6.931771658528755
        },
        {
          "group": "A",
          "value": 12.555353643797018
        },
        {
          "group": "A",
          "value": 10.664628023959184
        },
        {
          "group": "A",
          "value": 8.503026926886893
        },
        {
          "group": "A",
          "value": 13.102303951045046
        },
        {
          "group": "A",
          "value": 10.231349268585715
        },
        {
          "group": "A",
          "value": 12.358594368127653
        },
        {
          "group": "A",
          "value": 10.135036962820218
        },
        {
          "group": "A",
          "value": 14.121495849763974
        },
        {
          "group": "A",
          "value": 13.510681684886409
        },
        {
          "group": "A",
          "value": 9.502071703041851
        },
        {
          "group": "A",
          "value": 11.94314190190871
        },
        {
          "group": "A",
          "value": 11.290751899170296
        },
        {
          "group": "A",
          "value": 12.737263115064698
        },
        {
          "group": "A",
          "value": 8.070153078839791
        },
        {
          "group": "A",
          "value": 11.37210291999688
        },
        {
          "group": "A",
          "value": 12.116848973699176
        },
        {
          "group": "A",
          "value": 6.482521027153771
        },
        {
          "group": "B",
          "value": 9.63348297466845
        },
        {
          "group": "B",
          "value": 7.921535644479799
        },
        {
          "group": "B",
          "value": 11.461186331110884
        },
        {
          "group": "B",
          "value": 13.435084511591924
        },
        {
          "group": "B",
          "value": 15.004714104192056
        },
        {
          "group": "B",
          "value": 12.148189560839551
        },
        {
          "group": "B",
          "value": 15.257231091142584
        },
        {
          "group": "B",
          "value": 9.239797083570217
        },
        {
          "group": "B",
          "value": 8.593235121289691
        },
        {
          "group": "B",
          "value": 11.888904602206765
        },
        {
          "group": "B",
          "value": 12.768130897878615
        },
        {
          "group": "B",
          "value": 11.934610503811816
        },
        {
          "group": "B",
          "value": 7.865115799920247
        },
        {
          "group": "B",
          "value": 11.821759920974424
        },
        {
          "group": "B",
          "value": 9.391060998990294
        },
        {
          "group": "B",
          "value": 13.339345097660075
        },
        {
          "group": "B",
          "value": 12.733196492193697
        },
        {
          "group": "B",
          "value": 10.120240427345289
        },
        {
          "group": "B",
          "value": 10.972266165326612
        },
        {
          "group": "B",
          "value": 9.881572956222096
        },
        {
          "group": "B",
          "value": 11.874641805453656
        },
        {
          "group": "B",
          "value": 13.910284641002477
        },
        {
          "group": "B",
          "value": 10.028547907328912
        },
        {
          "group": "B",
          "value": 13.008093031035688
        },
        {
          "group": "B",
          "value": 10.939484763255118
        },
        {
          "group": "B",
          "value": 10.414254335475311
        },
        {
          "group": "B",
          "value": 11.785939280090885
        },
        {
          "group": "B",
          "value": 9.929515355161252
        },
        {
          "group": "B",
          "value": 10.892701389305635
        },
        {
          "group": "B",
          "value": 9.604244214822304
        }
      ],
      "conclusion": "Analysis completed."
    }
  },
  "log": [
    "Starting step desc_stats...",
    "Step desc_stats completed.",
    "Starting step hypothesis_test...",
    "Step hypothesis_test completed."
  ]
}